{"agent_type": "<class 'grid2op.Agent.DoNothing.DoNothingAgent'>", "agent_seeds": [748889785, 1956483383, 579320323, 764948931, 1791436967, 1858639869, 1945727835, 560480764, 1295474092, 316165126, 1780571372, 2046491264, 1882441217, 1233851661, 76229618, 2114978549, 1524534368, 1560756578, 837583754, 973759677, 1335978771, 1567853645, 991407158, 1234622288], "env_seeds": [1107697389, 680953180, 7187976, 782909461, 1650061981, 1733003326, 493563002, 1658577681, 1608921502, 1273319908, 1351696438, 322563002, 603199301, 41424541, 1355590033, 1823676663, 1261689615, 454061608, 20419167, 674327100, 271331643, 128496137, 1256647091, 1345264109], "max_step": -1, "parameters": {"NO_OVERFLOW_DISCONNECTION": false, "IGNORE_MIN_UP_DOWN_TIME": true, "ALLOW_DISPATCH_GEN_SWITCH_OFF": true, "NB_TIMESTEP_OVERFLOW_ALLOWED": 3, "NB_TIMESTEP_RECONNECTION": 12, "HARD_OVERFLOW_THRESHOLD": 2.0, "ENV_DC": false, "FORECAST_DC": false, "MAX_SUB_CHANGED": 1, "MAX_LINE_STATUS_CHANGED": 1, "NB_TIMESTEP_COOLDOWN_LINE": 3, "NB_TIMESTEP_COOLDOWN_SUB": 3, "INIT_STORAGE_CAPACITY": 0.5, "ACTIVATE_STORAGE_LOSS": true, "ALARM_BEST_TIME": 7, "ALARM_WINDOW_SIZE": 5}, "score_class_grid_operational_cost": "<class 'grid2op.Reward.L2RPNSandBoxScore.L2RPNSandBoxScore'>", "score_class_alarm_cost": "<class 'grid2op.Reward._AlarmScore._AlarmScore'>", "0": {"path": "/home/benjamin/Documents/L2RPN_Codalab_Competition_Bundle/competition_codalab/L2RPN_icaps2021/input_data_local/_statistics_icaps2021_dn", "scenario_name": "apr_17_1", "nb_step": 301, "scores_grid_operational_cost_scores.npz": 78313.296875, "scores_alarm_cost_scores.npz": -2.0}, "1": {"path": "/home/benjamin/Documents/L2RPN_Codalab_Competition_Bundle/competition_codalab/L2RPN_icaps2021/input_data_local/_statistics_icaps2021_dn", "scenario_name": "apr_17_2", "nb_step": 14, "scores_grid_operational_cost_scores.npz": 5998.49267578125, "scores_alarm_cost_scores.npz": -2.0}, "2": {"path": "/home/benjamin/Documents/L2RPN_Codalab_Competition_Bundle/competition_codalab/L2RPN_icaps2021/input_data_local/_statistics_icaps2021_dn", "scenario_name": "aug_21_1", "nb_step": 690, "scores_grid_operational_cost_scores.npz": 143990.015625, "scores_alarm_cost_scores.npz": -2.0}, "3": {"path": "/home/benjamin/Documents/L2RPN_Codalab_Competition_Bundle/competition_codalab/L2RPN_icaps2021/input_data_local/_statistics_icaps2021_dn", "scenario_name": "aug_21_2", "nb_step": 215, "scores_grid_operational_cost_scores.npz": 32583.572265625, "scores_alarm_cost_scores.npz": -2.0}, "4": {"path": "/home/benjamin/Documents/L2RPN_Codalab_Competition_Bundle/competition_codalab/L2RPN_icaps2021/input_data_local/_statistics_icaps2021_dn", "scenario_name": "dec_18_1", "nb_step": 26, "scores_grid_operational_cost_scores.npz": 12949.966796875, "scores_alarm_cost_scores.npz": -2.0}, "5": {"path": "/home/benjamin/Documents/L2RPN_Codalab_Competition_Bundle/competition_codalab/L2RPN_icaps2021/input_data_local/_statistics_icaps2021_dn", "scenario_name": "dec_18_2", "nb_step": 34, "scores_grid_operational_cost_scores.npz": 21210.13671875, "scores_alarm_cost_scores.npz": -2.0}, "6": {"path": "/home/benjamin/Documents/L2RPN_Codalab_Competition_Bundle/competition_codalab/L2RPN_icaps2021/input_data_local/_statistics_icaps2021_dn", "scenario_name": "feb_42_1", "nb_step": 238, "scores_grid_operational_cost_scores.npz": 179184.109375, "scores_alarm_cost_scores.npz": -2.0}, "7": {"path": "/home/benjamin/Documents/L2RPN_Codalab_Competition_Bundle/competition_codalab/L2RPN_icaps2021/input_data_local/_statistics_icaps2021_dn", "scenario_name": "feb_42_2", "nb_step": 228, "scores_grid_operational_cost_scores.npz": 136330.84375, "scores_alarm_cost_scores.npz": -2.0}, "8": {"path": "/home/benjamin/Documents/L2RPN_Codalab_Competition_Bundle/competition_codalab/L2RPN_icaps2021/input_data_local/_statistics_icaps2021_dn", "scenario_name": "jan_27_1", "nb_step": 218, "scores_grid_operational_cost_scores.npz": 131099.109375, "scores_alarm_cost_scores.npz": -2.0}, "9": {"path": "/home/benjamin/Documents/L2RPN_Codalab_Competition_Bundle/competition_codalab/L2RPN_icaps2021/input_data_local/_statistics_icaps2021_dn", "scenario_name": "jan_27_2", "nb_step": 794, "scores_grid_operational_cost_scores.npz": 462928.8125, "scores_alarm_cost_scores.npz": -2.0}, "10": {"path": "/home/benjamin/Documents/L2RPN_Codalab_Competition_Bundle/competition_codalab/L2RPN_icaps2021/input_data_local/_statistics_icaps2021_dn", "scenario_name": "jul_13_1", "nb_step": 504, "scores_grid_operational_cost_scores.npz": 98866.203125, "scores_alarm_cost_scores.npz": -2.0}, "11": {"path": "/home/benjamin/Documents/L2RPN_Codalab_Competition_Bundle/competition_codalab/L2RPN_icaps2021/input_data_local/_statistics_icaps2021_dn", "scenario_name": "jul_13_2", "nb_step": 786, "scores_grid_operational_cost_scores.npz": 169940.28125, "scores_alarm_cost_scores.npz": -2.0}, "12": {"path": "/home/benjamin/Documents/L2RPN_Codalab_Competition_Bundle/competition_codalab/L2RPN_icaps2021/input_data_local/_statistics_icaps2021_dn", "scenario_name": "jun_04_1", "nb_step": 2017, "scores_grid_operational_cost_scores.npz": 427939.0625, "scores_alarm_cost_scores.npz": 1.0}, "13": {"path": "/home/benjamin/Documents/L2RPN_Codalab_Competition_Bundle/competition_codalab/L2RPN_icaps2021/input_data_local/_statistics_icaps2021_dn", "scenario_name": "jun_04_2", "nb_step": 782, "scores_grid_operational_cost_scores.npz": 160720.6875, "scores_alarm_cost_scores.npz": -2.0}, "14": {"path": "/home/benjamin/Documents/L2RPN_Codalab_Competition_Bundle/competition_codalab/L2RPN_icaps2021/input_data_local/_statistics_icaps2021_dn", "scenario_name": "mar_28_1", "nb_step": 800, "scores_grid_operational_cost_scores.npz": 285662.03125, "scores_alarm_cost_scores.npz": -2.0}, "15": {"path": "/home/benjamin/Documents/L2RPN_Codalab_Competition_Bundle/competition_codalab/L2RPN_icaps2021/input_data_local/_statistics_icaps2021_dn", "scenario_name": "mar_28_2", "nb_step": 6, "scores_grid_operational_cost_scores.npz": 2345.00146484375, "scores_alarm_cost_scores.npz": -2.0}, "16": {"path": "/home/benjamin/Documents/L2RPN_Codalab_Competition_Bundle/competition_codalab/L2RPN_icaps2021/input_data_local/_statistics_icaps2021_dn", "scenario_name": "may_47_1", "nb_step": 797, "scores_grid_operational_cost_scores.npz": 191830.15625, "scores_alarm_cost_scores.npz": -2.0}, "17": {"path": "/home/benjamin/Documents/L2RPN_Codalab_Competition_Bundle/competition_codalab/L2RPN_icaps2021/input_data_local/_statistics_icaps2021_dn", "scenario_name": "may_47_2", "nb_step": 320, "scores_grid_operational_cost_scores.npz": 88423.53125, "scores_alarm_cost_scores.npz": -2.0}, "18": {"path": "/home/benjamin/Documents/L2RPN_Codalab_Competition_Bundle/competition_codalab/L2RPN_icaps2021/input_data_local/_statistics_icaps2021_dn", "scenario_name": "nov_29_1", "nb_step": 426, "scores_grid_operational_cost_scores.npz": 163941.5625, "scores_alarm_cost_scores.npz": -2.0}, "19": {"path": "/home/benjamin/Documents/L2RPN_Codalab_Competition_Bundle/competition_codalab/L2RPN_icaps2021/input_data_local/_statistics_icaps2021_dn", "scenario_name": "nov_29_2", "nb_step": 965, "scores_grid_operational_cost_scores.npz": 373554.6875, "scores_alarm_cost_scores.npz": -2.0}, "20": {"path": "/home/benjamin/Documents/L2RPN_Codalab_Competition_Bundle/competition_codalab/L2RPN_icaps2021/input_data_local/_statistics_icaps2021_dn", "scenario_name": "oct_03_1", "nb_step": 576, "scores_grid_operational_cost_scores.npz": 200806.859375, "scores_alarm_cost_scores.npz": -2.0}, "21": {"path": "/home/benjamin/Documents/L2RPN_Codalab_Competition_Bundle/competition_codalab/L2RPN_icaps2021/input_data_local/_statistics_icaps2021_dn", "scenario_name": "oct_03_2", "nb_step": 103, "scores_grid_operational_cost_scores.npz": 40772.2890625, "scores_alarm_cost_scores.npz": -2.0}, "22": {"path": "/home/benjamin/Documents/L2RPN_Codalab_Competition_Bundle/competition_codalab/L2RPN_icaps2021/input_data_local/_statistics_icaps2021_dn", "scenario_name": "sep_06_1",